{"sane": true, "normalizes": true, "range": true, "log_prob": -922.5628107022494, "avg_log_prob": -1.8451256214044989, "perplexity": 6.32889478511868}